url,headline,datetime,organization,caa
https://www.altnews.in/no-the-elderly-man-pelting-stone-in-kanpur-is-not-muslim-cleric-from-muzaffarnagar/,"No, the elderly man pelting stone in Kanpur is not Muslim cleric from Muzaffarnagar",12/31/19,Alt News,No
https://www.altnews.in/caa-protest-video-of-jabalpur-police-vandalising-vehicles-shared-as-up-police/,CAA Protest: Video of Jabalpur police vandalising vehicles shared as UP police,12/31/19,Alt News,Yes
https://www.altnews.in/no-danish-kaneria-is-not-among-pakistani-players-offering-namaz-in-this-photo/,"No, Danish Kaneria is not among Pakistani players offering Namaz in this photo",12/30/19,Alt News,No
https://www.altnews.in/video-from-sri-lanka-shared-as-muslims-beaten-in-a-detention-centre-in-assam/,Video from Sri Lanka shared as Muslims beaten in a detention centre in Assam,12/30/19,Alt News,No
https://www.altnews.in/caa-protests-old-video-from-pakistan-shared-as-cow-slaughtered-on-indian-flag-in-hyderabad/,CAA Protests: Old video from Pakistan shared as cow slaughtered on Indian flag in Hyderabad,12/30/19,Alt News,Yes
https://www.altnews.in/caa-protests-video-from-pakistan-shared-as-up-police-beating-women/,CAA Protests: Video from Pakistan shared as UP police beating women,12/30/19,Alt News,Yes
https://www.altnews.in/no-anti-caa-protesters-did-not-chant-pakistan-zindabad-in-lucknow-rally/,"No, anti-CAA protesters did not chant ‘Pakistan zindabad’ in Lucknow rally",12/29/19,Alt News,Yes
https://www.altnews.in/old-video-of-railway-station-vandalised-in-bangladesh-shared-as-kolkata/,Old video of railway station vandalised in Bangladesh shared as Kolkata,12/28/19,Alt News,Yes
https://www.altnews.in/video-of-leopard-attacking-dog-in-nashik-maharashtra-shared-as-gujarat/,"Video of leopard attacking dog in Nashik, Maharashtra shared as Gujarat",12/28/19,Alt News,No
https://www.altnews.in/pak-users-share-video-of-bull-festival-as-cows-unleashed-on-indian-policemen/,Pak users share video of bull festival as cows unleashed on Indian policemen,12/27/19,Alt News,No
https://www.altnews.in/freight-train-traversing-the-famous-tehachapi-loop-in-us-viral-as-china-germany-train-route/,Freight train traversing the famous ‘Tehachapi Loop’ in US viral as China-Germany train route,12/27/19,Alt News,No
https://www.altnews.in/meme-shared-as-pro-modi-cartoon-on-caa-and-nrc-published-by-european-newspaper/,Meme shared as pro-Modi cartoon on CAA and NRC published by European newspaper,12/26/19,Alt News,Yes
https://www.altnews.in/newsx-posed-its-journalists-as-students-during-a-debate-on-anti-caa-protests/,NewsX posed journalists as students during a debate on anti-CAA protests,12/26/19,Alt News,Yes
https://www.altnews.in/alt-news-investigates-the-attack-on-a-temple-in-phulwari-sharif-bihar-during-anti-caa-protests/,"Alt News investigates the attack on a temple in Phulwari Sharif, Bihar during anti-CAA protests",12/26/19,Alt News,Yes
https://www.altnews.in/video-from-2011-viral-with-false-claim-that-muslim-man-wore-sikh-turban-during-anti-caa-protest/,Video from 2011 viral with false claim that Muslim man wore Sikh turban during anti-CAA protest,12/26/19,Alt News,Yes
https://www.altnews.in/image-from-2016-shared-as-muslim-man-hurling-stones-in-recent-spate-of-caa-protests/,Image from 2016 shared as Muslim man hurling stones in recent spate of CAA protests,12/25/19,Alt News,Yes
https://www.altnews.in/fake-account-impersonates-nita-ambani-tweets-in-favour-of-pm-modi-amit-shah/,"Fake account impersonates Nita Ambani, tweets in support of PM Modi and Amit Shah",12/25/19,Alt News,Yes
https://www.altnews.in/poster-of-caa-nrc-event-morphed-with-photos-of-burhan-wani-afzal-guru/,"Poster of CAA-NRC event morphed with photos of Burhan Wani, Afzal Guru",12/25/19,Alt News,Yes
https://www.altnews.in/caa-protest-photo-of-rajasthan-bjp-mla-falsely-shared-as-rss-man-impersonating-delhi-cop/,Photo of Rajasthan BJP MLA falsely shared as RSS man impersonating Delhi cop,12/24/19,Alt News,No
https://www.altnews.in/no-adolf-hitler-had-not-said-hate-me-but-dont-hate-germany/,"Viral video: No, Adolf Hitler had not said, “Hate me, but don’t hate Germany”",12/24/19,Alt News,No
https://www.altnews.in/no-jamia-student-protester-aysha-renna-did-not-tweet-in-celebration-of-pulwama-attack/,"No, Jamia student protester Aysha Renna did not tweet in celebration of Pulwama attack",12/24/19,Alt News,Yes
https://www.altnews.in/pm-modis-speech-on-caa-nrc-a-combination-of-falsehoods-and-half-truths/,PM Modi’s speech on CAA/NRC: A combination of falsehoods and half-truths,12/24/19,Alt News,Yes
https://www.altnews.in/did-a-protester-ask-for-muslim-rashtra-in-anti-caa-protest-attended-by-priyanka-gandhi-morphed-image-viral/,Did a protester ask for “Muslim rashtra” in anti-CAA protest attended by Priyanka Gandhi? Morphed image viral,12/23/19,Alt News,Yes
https://www.altnews.in/caa-protest-old-video-from-rajasthan-shared-as-elderly-man-beaten-up-by-muslim-youth-in-delhi/,CAA Protest: Old video from Rajasthan shared as elderly man beaten up by Muslim youth in Delhi,12/23/19,Alt News,Yes
https://www.altnews.in/no-policemen-did-not-protest-against-caa-and-nrc/,"No, policemen did not protest against CAA and NRC",12/23/19,Alt News,Yes
https://www.altnews.in/fake-bbc-hindi-tweet-shared-to-claim-ndtv-ob-van-torched-in-lucknow-anti-caa-protest/,Fake BBC Hindi tweet shared to claim NDTV OB van torched in Lucknow anti-CAA protest,12/21/19,Alt News,Yes
https://www.altnews.in/paresh-rawal-faulters-at-geography-forgets-india-myanmar-share-1643-km-border/,"Paresh Rawal faulters at geography, forgets India-Myanmar share 1,643 km border",12/21/19,Alt News,No
https://www.altnews.in/false-claim-muslim-woman-masquerading-as-hindu-during-anti-caa-protest/,False claim: Muslim woman masquerading as Hindu during anti-CAA protest,12/21/19,Alt News,Yes
https://www.altnews.in/caa-protest-2015-video-of-bangladeshis-caught-with-fake-indian-passports-in-kuwait-revived/,CAA Protest: 2015 video of Bangladeshis caught with fake Indian passports in Kuwait revived,12/20/19,Alt News,Yes
https://www.altnews.in/caa-protest-police-lathicharge-video-from-lucknow-shared-as-brutality-by-ahmedabad-police/,CAA Protest: Police lathicharge video from Lucknow shared as brutality by Ahmedabad police,12/20/19,Alt News,Yes
https://www.altnews.in/man-holding-viral-placard-falsely-compared-with-a-twitter-user-with-muslim-identity/,Man holding viral placard falsely compared with a Twitter user with Muslim identity,12/20/19,Alt News,Yes
https://www.altnews.in/photos-of-2016-maratha-agitation-passed-off-as-gatherings-in-favour-of-caa/,Photos of 2016 Maratha agitation passed off as gatherings in favour of CAA,12/20/19,Alt News,Yes
https://www.altnews.in/image-from-2018-shared-as-policemen-injured-during-anti-caa-protest/,Image from 2018 shared as policemen injured during anti-CAA protest,12/20/19,Alt News,Yes
https://www.altnews.in/video-from-kuwait-showing-mock-drill-shared-as-attack-on-sultan-of-oman/,Video from Kuwait showing mock drill shared as attack on Sultan of Oman,12/20/19,Alt News,No
https://www.altnews.in/caa-protest-no-bengaluru-cop-did-not-threaten-to-punch-historian-ramachandra-guha/,"CAA Protest: No, Bengaluru cop did not threaten to punch historian Ramachandra Guha",12/19/19,Alt News,Yes
https://www.altnews.in/old-video-of-eviction-from-forest-area-in-assam-viral-in-the-context-of-nrc/,Video from 2017 of eviction from forest area in Assam viral in the context of NRC,12/19/19,Alt News,Yes
https://www.altnews.in/no-girl-with-rahul-gandhi-is-not-jamia-student-who-opposed-police-lathi-charge/,"No, girl with Rahul Gandhi is not Jamia student who opposed police lathi-charge",12/19/19,Alt News,Yes
https://www.altnews.in/screengrabs-of-news-18-indias-fact-check-shared-as-rbi-discontinuing-rs-2000-notes/,"No, RBI is not scrapping Rs 2000 notes; News18 fact-check viral with false claim",12/19/19,Alt News,No
https://www.altnews.in/old-photos-from-pakistan-shared-as-weapons-seized-from-jamia-milia-campus/,Old photos from Pakistan shared as weapons seized from Jamia Milia campus,12/19/19,Alt News,Yes
https://www.altnews.in/was-aap-mla-amanatullah-khan-part-of-a-mob-that-torched-buses-on-december-15-a-fact-check/,Was AAP MLA Amanatullah Khan part of a mob that torched buses on December 15? – A fact-check,12/19/19,Alt News,Yes
https://www.altnews.in/sourav-gangulys-claim-daughters-instagram-story-on-caa-protests-not-true-is-false/,Sourav Ganguly’s claim daughter’s Instagram story on CAA protests “not true” is false,12/19/19,Alt News,Yes
https://www.altnews.in/images-of-detention-centres-in-the-us-shared-as-assam/,Images of detention centres in the US shared as Assam,12/18/19,Alt News,Yes
https://www.altnews.in/a-photograph-of-smriti-irani-with-bjp-leader-hukumdev-narayan-viral-as-irani-with-rape-guru/,Photo of Smriti Irani greeting BJP leader Hukumdev Narayan Yadav shared as ‘rape guru’,12/18/19,Alt News,No
https://www.altnews.in/no-abvp-and-rss-member-bharat-sharma-did-not-join-delhi-police-during-caa-protests/,Did ABVP member ‘Bharat Sharma’ pose as Delhi cop during clashes in CAA protests? – A fact-check,12/18/19,Alt News,Yes
https://www.altnews.in/photo-from-2016-viral-as-toddler-injured-by-muslim-protesters-during-caa-agitation-in-west-bengal/,Photo from 2016 viral as toddler injured by Muslim protesters during CAA agitation in West Bengal,12/17/19,Alt News,Yes
https://www.altnews.in/old-image-falsely-shared-as-male-protester-of-jamia-milia-islamia-detained-in-a-burqa/,Old image from Egypt shared as male protester of Jamia Milia detained in a burqa,12/17/19,Alt News,Yes
https://www.altnews.in/unrelated-video-from-2017-shared-amidst-caa-protests-with-a-communal-spin/,Unrelated video from 2017 shared amidst CAA protests with a communal spin,12/17/19,Alt News,Yes
https://www.altnews.in/old-photo-shared-as-police-crackdown-on-jamia-milia-islamia-students-over-caa-protest/,Old photo of Lucknow cop falsely shared as Delhi police brutality,12/17/19,Alt News,Yes
https://www.altnews.in/old-image-of-assam-cm-shared-as-him-escaping-his-house-after-anti-caa-protest/,Old image of Assam CM shared as him escaping his house during anti-CAA protest,12/16/19,Alt News,Yes
https://www.altnews.in/no-amu-students-did-not-raise-the-slogan-hinduon-ki-kabr-khudegi/,"No, AMU students did not raise the slogan “Hinduon ki kabr khudegi”",12/16/19,Alt News,Yes
https://www.altnews.in/photo-from-bangladesh-shared-as-toddler-injured-during-anti-cab-protests-in-west-bengal/,Photo from Bangladesh shared as toddler injured during anti-CAB protests in West Bengal,12/16/19,Alt News,Yes
https://www.altnews.in/photo-from-2018-traced-to-dominican-republic-shared-as-detention-centre-in-assam/,Photo from 2018 traced to Dominican Republic shared as detention centre in Assam,12/15/19,Alt News,Yes
https://www.altnews.in/unrelated-images-of-burning-trains-injured-woman-shared-amidst-anti-cab-protests/,"Unrelated images of burning trains, injured woman shared amidst anti-CAB protests",12/15/19,Alt News,Yes
https://www.altnews.in/how-multiple-twitter-handles-changed-their-religion-overnight-to-support-cab-bill/,How multiple Twitter handles changed their religion overnight to support CAB,12/14/19,Alt News,Yes
https://www.altnews.in/old-images-of-vandalism-shared-in-the-wake-of-citizenship-amendment-act-protest/,Old images of vandalism shared in the wake of Citizenship Amendment Act protest,12/14/19,Alt News,Yes
https://www.altnews.in/image-from-bangladesh-shared-as-protest-in-mumbai-against-citizenship-amendment-act/,Image from Bangladesh shared as protest in Mumbai against Citizenship Amendment Act,12/14/19,Alt News,Yes
https://www.altnews.in/old-video-shared-as-girl-found-in-mangalore-with-a-group-of-tamil-beggars/,Old video shared as girl found in Mangalore with a group of Tamil beggars,12/14/19,Alt News,No
https://www.altnews.in/rahul-gandhi-did-not-say-women-should-be-raped-as-claimed-by-union-minister-smriti-irani/,"Rahul Gandhi did not say “women should be raped”, as claimed by union minister Smriti Irani",12/13/19,Alt News,No
https://www.altnews.in/video-from-jharkhand-shared-as-police-lathicharging-woman-over-cab-protest/,Video from Jharkhand shared as police lathicharging woman over CAB protest,12/13/19,Alt News,Yes
https://www.altnews.in/no-advocates-are-not-exempted-from-paying-toll-fees/,"No, advocates are not exempted from paying toll fees",12/13/19,Alt News,No
https://www.altnews.in/photo-from-mp-shared-as-hanuman-idol-found-at-allotted-site-for-mosque-in-ayodhya/,Photo from MP shared as Hanuman idol found at allotted site for mosque in Ayodhya,12/12/19,Alt News,No
https://www.altnews.in/dainik-bhaskar-misquotes-congress-leader-jyotiraditya-scindia-as-supporting-citizenship-amendment-bill/,Dainik Bhaskar misquotes Congress leader Jyotiraditya Scindia as supporting Citizenship Amendment Bill,12/12/19,Alt News,Yes
https://www.altnews.in/video-from-2015-shared-bangladeshis-illegally-entering-india-after-passing-of-cab/,Video from 2015 shared as Bangladeshis illegally entering India after passing of CAB,12/12/19,Alt News,Yes
https://www.altnews.in/old-mock-drill-video-from-jharkhand-viral-as-police-firing-during-cab-protests-in-assam/,Old mock drill video from Jharkhand viral as police firing during CAB protests in Assam,12/12/19,Alt News,Yes
https://www.altnews.in/video-of-assault-from-pakistan-falsely-shared-as-hindu-girl-beaten-up/,Video of assault from Pakistan falsely shared as Hindu girl beaten up,12/12/19,Alt News,No
https://www.altnews.in/opindia-misreports-kapil-sibals-speech-in-parliament-on-citizenship-amendment-bill/,OpIndia misreports Kapil Sibal’s speech in Parliament on Citizenship Amendment Bill,12/11/19,Alt News,Yes
https://www.altnews.in/crazy-sex-run-by-irish-sheep-after-consuming-viagra-indian-media-falls-for-satire/,Crazy sex run by Irish sheep after consuming Viagra? Indian media falls for satire,12/11/19,Alt News,No
https://www.altnews.in/cctv-video-of-suicide-from-cairo-tower-egypt-viral-as-burj-khalifa-dubai/,"CCTV video of suicide from Cairo Tower, Egypt viral as Burj Khalifa, Dubai",12/11/19,Alt News,No
https://www.altnews.in/no-man-criticizing-judicial-system-in-viral-video-after-hyderabad-rape-is-not-justice-srikrishna/,"No, man criticizing judicial system in viral video after Hyderabad rape is not Justice Srikrishna",12/11/19,Alt News,No
https://www.altnews.in/israeli-policeman-strangling-palestinian-child-to-death-old-video-false-claim/,"Israeli policeman strangling Palestinian child to death? Old video, false claim",12/10/19,Alt News,No
https://www.altnews.in/no-this-is-not-amit-shah-touching-the-feet-of-nithyananda/,"No, this is not Amit Shah touching the feet of Nithyananda",12/10/19,Alt News,No
https://www.altnews.in/trucks-loaded-with-onions-blocked-by-mamata-banerjee-govt-to-keep-prices-inflated-alt-news-fact-check/,Trucks loaded with onions blocked by Mamata Banerjee govt to keep prices inflated? – Alt News fact-check,12/10/19,Alt News,No
https://www.altnews.in/image-of-boy-with-acid-burns-viral-as-child-punished-for-wearing-ayyappa-necklace-in-tamil-nadu-school/,Image of boy with acid burns viral as child punished for wearing Ayyappa necklace in Tamil Nadu school,12/10/19,Alt News,No
https://www.altnews.in/no-this-is-not-an-image-of-the-juvenile-convict-of-the-nirbhaya-rape-case/,"No, this is not an image of the juvenile convict of the Nirbhaya rape case",12/10/19,Alt News,No
https://www.altnews.in/old-video-viral-false-claim-hyderabad-rape-victim-divya-reddy-received-award-for-her-work/,"No, the lady receiving award in viral video is not Hyderabad rape victim",12/9/19,Alt News,No
https://www.altnews.in/old-video-from-rajasthan-falsely-shared-as-pauper-women-being-lifted-and-raped/,Old video from Rajasthan falsely shared as poor women lifted and raped,12/9/19,Alt News,No
https://www.altnews.in/clipped-image-of-e-paper-shared-with-false-claim-of-rbi-scrapping-rs-2000-note-after-dec-31/,Clipped image of e-paper shared with false claim of RBI scrapping Rs 2000 note after Dec 31,12/9/19,Alt News,No
https://www.altnews.in/no-sending-sms-to-9969777888-will-not-enable-police-to-track-your-location/,"No, sending SMS to 9969777888 will not enable police to track your location",12/7/19,Alt News,No
https://www.altnews.in/image-from-2017-shared-as-woman-raped-and-beheaded-in-saharanpur-uttar-pradesh/,"Image from 2017 shared as woman raped and beheaded in Saharanpur, Uttar Pradesh",12/7/19,Alt News,No
https://www.altnews.in/misleading-claim-1091-7837018555-are-pan-india-helpline-numbers-for-women-home-drop-service/,Misleading claim: ‘1091’ & ‘7837018555’ are pan-India helpline numbers for women home-drop service,12/7/19,Alt News,No
https://www.altnews.in/media-misreports-image-from-2015-as-photograph-of-hyderabad-encounter/,Media misreports image from 2015 as photograph of Hyderabad encounter,12/6/19,Alt News,No
https://www.altnews.in/were-all-the-accused-in-hyderabad-rape-case-from-the-muslim-community/,False claim suggests all Hyderabad rape accused hailed from Muslim community,12/6/19,Alt News,No
https://www.altnews.in/video-from-brazil-showing-man-assaulting-young-girl-shared-as-rajasthan/,Video from Brazil showing man assaulting young girl shared as Rajasthan,12/6/19,Alt News,No
https://www.altnews.in/modi-govt-introduces-new-law-awarding-death-penalty-for-rape-clipped-video-misleading-claim/,"Modi govt introduces new law awarding death penalty for rape? Clipped video, misleading claim",12/6/19,Alt News,No
https://www.altnews.in/digitally-created-artwork-shared-as-real/,Digitally-created artwork showing a hurricane shared as powers of ‘Buddhist God’,12/6/19,Alt News,No
https://www.altnews.in/no-the-accused-in-hyderabad-gang-rape-case-are-not-minors/,"No, Hyderabad rape accused are not minors given fictional Hindu identities by police",12/5/19,Alt News,No
https://www.altnews.in/personal-dispute-in-gujarat-given-communal-spin-on-social-media-and-by-gstv/,Personal dispute in Gujarat given communal spin on social media and by GSTV,12/5/19,Alt News,No
https://www.altnews.in/images-shared-to-claim-lynch-mob-justice-deterred-rape-in-nagaland-fact-check/,Images shared to claim mob justice stopped rape incidents in Nagaland – Fact-check,12/5/19,Alt News,No
https://www.altnews.in/false-claim-new-section-233-of-ipc-enacted-by-modi-govt-to-combat-crimes-against-women/,False claim: New section 233 of IPC enacted by Modi govt to combat crimes against women,12/5/19,Alt News,No
https://www.altnews.in/inc-bjp-commemorate-indian-navy-day-by-posting-images-of-u-s-navy-combat-ship/,"Parties, politicians tweet image of US Navy ship to commemorate Indian Navy day",12/4/19,Alt News,No
https://www.altnews.in/november-2019-misinformation-around-jnu-protest-ayodhya-verdict-and-more/,"November 2019: Misinformation around JNU protest, Ayodhya verdict and more",12/4/19,Alt News,Yes
https://www.altnews.in/no-rs-2000-notes-will-not-be-scrapped-and-replaced-with-new-rs-1000-notes/,"No, Rs 2000 notes will not be scrapped and replaced with new Rs 1000 notes",12/4/19,Alt News,No
https://www.altnews.in/old-video-of-public-execution-of-rape-convict-in-yemen-shared-as-dubai/,Old video of public execution of rape convict in Yemen shared as Dubai,12/3/19,Alt News,No
https://www.altnews.in/old-video-shared-to-claim-norway-police-attacked-imam-opposing-quran-burning/,Old video shared to claim Norway police attacked Imam opposing Quran burning,12/3/19,Alt News,No
https://www.altnews.in/did-it-take-19-photographers-62-days-to-capture-this-bird-fact-check/,Did it take 19 photographers 62 days to capture this bird? Fact-check,12/2/19,Alt News,No
https://www.altnews.in/old-images-shared-as-devendra-fadnavis-visiting-mazaar-after-maharashtra-elections/,Old images shared as Devendra Fadnavis visiting mazaar after Maharashtra elections,12/2/19,Alt News,No
https://www.altnews.in/video-of-qaumi-ekta-week-shared-with-a-communal-spin-after-maha-polls/,Video of Qaumi Ekta Week shared with a communal spin after Maha polls,12/2/19,Alt News,No
https://www.altnews.in/unrelated-video-shared-as-hyderabad-rape-and-murder-accused-thrashed-by-police/,Unrelated video shared as Hyderabad rape and murder accused thrashed by police,12/2/19,Alt News,No
https://www.altnews.in/image-of-man-suffering-from-bubonic-plague-shared-as-mans-hands-burnt-for-burning-quran/,Image of man suffering from bubonic plague shared as hands burnt for burning Quran,12/2/19,Alt News,No
https://www.altnews.in/jamia-firing-a-water-bottle-used-as-an-excuse-to-raise-doubts-about-students-bullet-injury/,Jamia firing: A water bottle used as an excuse to raise doubts about student’s injury,1/31/20,Alt News,Yes
https://www.altnews.in/old-incident-of-land-grabbing-viral-as-caste-violence-in-ups-gorakhpur/,Old incident of land-grabbing viral as caste violence in UP’s Gorakhpur,1/31/20,Alt News,No
https://www.altnews.in/caa-protests-video-of-irfan-pathans-visit-to-kolkata-shared-as-shaheen-bagh/,CAA Protests: Video of Irfan Pathan’s visit to Kolkata shared as Shaheen Bagh,1/31/20,Alt News,Yes
https://www.altnews.in/no-homeopathic-drug-arsenicum-album-30-cannot-prevent-coronavirus-infection-as-claimed-by-ayush-ministry/,"No, homeopathic drug ‘Arsenicum album 30’ cannot prevent Coronavirus infection, as claimed by AYUSH ministry",1/31/20,Alt News,No
https://www.altnews.in/old-video-of-aap-workers-thrashing-man-who-slapped-kejriwal-revived-with-misleading-claim/,Old video of AAP workers thrashing man who slapped Kejriwal revived with misleading claim,1/31/20,Alt News,No
https://www.altnews.in/old-case-of-land-dispute-shared-as-at-iskcon-temple-in-bangladesh-attacked/,Old case of land dispute shared as ISKCON temple in Bangladesh attacked,1/31/20,Alt News,No
https://www.altnews.in/aam-aadmi-party-aap-fake-list-muslim-candidates/,Fake list viral to show majority AAP candidates for Delhi elections are Muslims,1/31/20,Alt News,No
https://www.altnews.in/video-of-bjp-members-hoisting-bjp-flag-to-the-indian-national-anthem-is-from-2018/,Video of BJP members hoisting BJP flag to the Indian national anthem is from 2018,1/30/20,Alt News,No
https://www.altnews.in/old-video-from-kashmir-viral-as-hindu-women-thrashed-in-pakistan/,Old video from J&K viral as Hindu women thrashed in Pakistan,1/30/20,Alt News,Yes
https://www.altnews.in/video-of-parasite-removal-from-a-persons-lip-falsely-linked-with-coronavirus/,Video of parasite removal from a person’s lip falsely linked with Coronavirus,1/29/20,Alt News,No
https://www.altnews.in/video-of-rahul-gandhis-slip-up-during-a-speech-viral-trimming-out-part-where-he-self-corrects/,"Video of Rahul Gandhi’s slip-up during a speech viral, trimming out part where he self-corrects",1/29/20,Alt News,No
https://www.altnews.in/old-video-shared-as-hindu-women-pose-as-muslims-to-disrupt-anti-caa-protests-in-lucknow/,Old video shared as Hindu women pose as Muslims to disrupt anti-CAA protests in Lucknow,1/29/20,Alt News,Yes
https://www.altnews.in/fake-ministry-of-health-advisory-about-coronavirus-viral-on-social-media/,Fake Ministry of Health ‘advisory’ about Coronavirus viral on social media,1/29/20,Alt News,No
https://www.altnews.in/fake-newspaper-clipping-shared-to-claim-delhi-cm-kejriwal-accused-of-rape-in-1987/,Fake newspaper clipping shared to claim Delhi CM Kejriwal accused of rape in 1987,1/29/20,Alt News,No
https://www.altnews.in/old-video-viral-as-rajput-women-with-swords-standing-up-against-muslim-women-of-shaheen-bagh/,Old video viral as Rajput women with swords standing up against Muslim women of Shaheen Bagh,1/29/20,Alt News,Yes
https://www.altnews.in/gautam-gambhir-targets-aap-with-video-of-a-school-under-renovation/,Gautam Gambhir targets AAP with video of a school under renovation,1/28/20,Alt News,No
https://www.altnews.in/video-of-russian-rocket-viral-as-failed-launch-test-of-pakistans-ghaznavi-missile/,Video of Russian rocket viral as failed launch test of Pakistan’s Ghaznavi missile,1/28/20,Alt News,No
https://www.altnews.in/media-misreport-lawyers-kapil-sibal-indira-jaising-dushyant-dave-wrongly-linked-with-alleged-pfi-support-for-caa-stir/,"Media misreport: Lawyers Kapil Sibal, Indira Jaising, Dushyant Dave wrongly linked with alleged PFI support for CAA stir",1/28/20,Alt News,Yes
https://www.altnews.in/video-related-to-chhattisgarh-elections-shared-claiming-bjp-bribing-voters-in-delhi/,Video related to Chhattisgarh elections shared claiming BJP bribing voters in Delhi,1/27/20,Alt News,No
https://www.altnews.in/journalist-arfa-khanums-speech-on-caa-clipped-and-shared-with-communal-overtones/,Journalist Arfa Khanum’s speech on CAA shared with distorted interpretation by BJP office-bearers,1/27/20,Alt News,Yes
https://www.altnews.in/anti-caa-protesters-at-lucknow-confess-taking-bribes-no-clipped-video-viral/,"Anti-CAA protesters at Lucknow confess taking bribes? No, clipped video viral",1/27/20,Alt News,Yes
https://www.altnews.in/tarek-fatah-a-case-study-of-unrelenting-divisive-misinformation/,Tarek Fatah – A case study of unrelenting divisive misinformation,1/27/20,Alt News,No
https://www.altnews.in/video-of-vhp-leader-viral-as-naseeruddin-shahs-brother-supporting-caa/,Video of VHP leader viral as Naseeruddin Shah’s brother supporting CAA,1/27/20,Alt News,Yes
https://www.altnews.in/amit-shah-asks-people-to-boycott-aaj-tak-before-delhi-elections-old-video-viral/,Amit Shah asks people to boycott Aaj Tak before Delhi elections? Old video viral,1/26/20,Alt News,No
https://www.altnews.in/bjp-mla-karni-singh-toppled-ambedkars-statue-old-video-false-claim/,"BJP MLA ‘Karni Singh’ toppled Ambedkar’s statue? Old video, false claim",1/25/20,Alt News,No
https://www.altnews.in/old-unrelated-video-viral-as-bjp-leader-inayat-hussain-beaten-for-supporting-caa-nrc/,"Old, unrelated video viral as BJP leader Inayat Hussain assaulted for supporting CAA, NRC",1/25/20,Alt News,Yes
https://www.altnews.in/old-video-from-mp-viral-as-women-caa-protesters-fighting-over-distribution-of-money/,Old video from MP viral as women CAA protesters fighting over distribution of money,1/24/20,Alt News,Yes
https://www.altnews.in/jnusu-president-aishe-ghosh-faked-head-injury-screenshot-of-old-broadcast-shared-with-false-claim/,JNUSU president Aishe Ghosh faked head injury? Screenshot of old broadcast shared with false claim,1/24/20,Alt News,Yes
https://www.altnews.in/no-this-video-doesnt-show-women-protesting-against-caa-receiving-cash/,Old video from Manipur shared as women receiving cash in the backdrop of CAA protests,1/24/20,Alt News,Yes
https://www.altnews.in/false-message-blamed-muslim-community-for-mangalore-bomb-scare/,False message blamed Muslim community for Mangalore bomb scare,1/23/20,Alt News,No
https://www.altnews.in/caa-protests-morphed-image-claims-shaheen-bagh-protesters-paid-rs-500-per-day/,CAA Protests: Morphed image claims Shaheen Bagh protesters paid Rs 500 per day,1/23/20,Alt News,Yes
https://www.altnews.in/rss-members-photo-falsely-shared-as-mangaluru-airport-bomb-suspect-aditya-rao/,RSS member’s photo falsely shared as Mangaluru airport bomb suspect Aditya Rao,1/23/20,Alt News,No
https://www.altnews.in/robbery-attempt-communalised-as-kali-idol-vandalised-in-bengals-siliguri-by-muslims/,Robbery attempt communalised as Kali idol vandalised in Bengal’s Siliguri,1/22/20,Alt News,No
https://www.altnews.in/photo-viral-with-false-claim-that-jnu-students-celebrated-death-of-76-crpf-soldiers-in-2010/,Photo of Kanhaiya Kumar falsely shared as celebrating death of 76 CRPF soldiers in 2010,1/21/20,Alt News,No
https://www.altnews.in/video-from-2018-falsely-viral-as-indian-constitution-burnt-by-rss-members/,Video from 2018 falsely viral as Indian Constitution burnt by RSS members,1/21/20,Alt News,No
https://www.altnews.in/old-video-from-rajasthan-viral-as-eviction-in-assam-after-nrc-implementation/,Old video from Rajasthan viral as eviction in Assam after NRC implementation,1/21/20,Alt News,Yes
https://www.altnews.in/no-pm-modis-wife-jashodaben-did-not-attend-anti-caa-rally-at-shaheen-bagh/,"No, PM Modi’s wife Jashodaben did not attend anti-CAA rally at Shaheen Bagh",1/21/20,Alt News,Yes
https://www.altnews.in/man-accused-of-sexual-harassment-of-minor-girls-falsely-claimed-to-be-muslim/,Man accused of sexual harassment of minor girls falsely claimed to be Muslim,1/21/20,Alt News,No
https://www.altnews.in/photo-of-nehru-indira-gandhi-shared-with-false-portrayal-of-father-in-law-being-yunus-khan/,"Photo of Nehru, Indira Gandhi shared with false portrayal of her father-in-law being “Yunus Khan”",1/20/20,Alt News,No
https://www.altnews.in/old-video-from-bengal-viral-as-bjp-leaders-thrashed-in-ne-during-caa-nrc-campaigning/,Old video from Bengal viral as BJP leaders thrashed in NE during CAA/NRC campaigning,1/20/20,Alt News,Yes
https://www.altnews.in/video-of-delhi-based-social-worker-shared-as-vajpayees-niece-criticizing-government/,"No, woman criticising government is not Atal Bihari Vajpayee’s niece",1/20/20,Alt News,Yes
https://www.altnews.in/video-game-footage-shared-as-us-anti-missile-defense-batteries-taking-down-iranian-missiles/,Video game footage shared as US anti-missile defense batteries taking down Iranian missiles,1/20/20,Alt News,No
https://www.altnews.in/caa-protests-old-video-from-mp-shared-as-up-police-thrashing-stone-pelters/,CAA Protests: Old video from MP shared as UP police thrashing stone-pelters,1/20/20,Alt News,Yes
https://www.altnews.in/video-from-brazil-shared-as-muslim-infiltrator-killed-by-french-police/,Video from Brazil shared as “Muslim infiltrator” killed by French police,1/20/20,Alt News,No
https://www.altnews.in/old-image-of-bjp-mp-manoj-tiwari-with-jama-masjids-imam-bukhari-shared-ahead-of-delhi-polls/,Old image of BJP MP Manoj Tiwari with Jama Masjid’s Imam Bukhari shared ahead of Delhi polls,1/17/20,Alt News,No
https://www.altnews.in/morphed-poster-falsely-claims-burqa-hijab-dress-code-for-caa-protest-in-mumbai/,"Morphed poster falsely claims ‘burqa, hijab’ dress code for CAA protest in Mumbai",1/17/20,Alt News,Yes
https://www.altnews.in/fake-rs-2000-notes-seized-from-rss-supporter-ketan-dave-in-gujarat-false-claim-viral/,Fake Rs 2000 notes seized from RSS supporter Ketan Dave in Gujarat? False claim viral,1/17/20,Alt News,No
https://www.altnews.in/photo-of-dalit-activist-kancha-ilaiah-shared-as-elderly-student-at-jnu/,Photo of Dalit activist Kancha Ilaiah shared as elderly student at JNU,1/16/20,Alt News,No
https://www.altnews.in/bjp-mla-anil-upadhyaya-talking-about-caa-no-videos-yet-again-viral-with-fictitious-name/,"BJP MLA ‘Anil Upadhyaya’ talking about CAA? No, videos yet again viral with fictitious name",1/16/20,Alt News,Yes
https://www.altnews.in/fictitious-politician-anil-upadhyaya-makes-a-comeback-now-as-bjp-mla-criticising-caa-nrc/,"Fictitious politician ‘Anil Upadhyaya’ makes a comeback, now as BJP MLA criticising CAA/NRC",1/15/20,Alt News,Yes
https://www.altnews.in/tarek-fatah-tweets-movie-clip-as-pakistani-mother-denying-polio-vaccination-to-her-children/,Tarek Fatah tweets movie clip as Pakistani mother denying polio vaccination to her children,1/15/20,Alt News,No
https://www.altnews.in/did-rahul-kanwal-say-chanting-vande-mataram-is-anti-national-clipped-video-misleading-claim/,"Did Rahul Kanwal say chanting ‘Vande Mataram’ is anti-national? Clipped video, misleading claim",1/14/20,Alt News,No
https://www.altnews.in/abvp-jnu-secretary-denies-masked-woman-in-viral-video-associated-with-abvp-visual-evidence-disagrees/,"ABVP JNU secretary denies masked woman in viral video associated with ABVP, visual evidence disagrees",1/13/20,Alt News,Yes
https://www.altnews.in/morphed-tweet-of-shehla-rashid-calling-for-boycott-movie-of-movie-on-kashmiri-pandits-viral/,Morphed tweet of Shehla Rashid calling for boycott movie of movie on Kashmiri pandits viral,1/13/20,Alt News,No
https://www.altnews.in/video-from-2015-of-cops-beaten-by-a-crowd-shared-with-communal-narrative/,Video from 2015 of traffic cops beaten by a crowd shared with communal narrative,1/13/20,Alt News,Yes
https://www.altnews.in/no-indira-gandhi-did-not-force-sitaram-yechury-to-resign-as-jnusu-president-during-emergency/,"No, Indira Gandhi did not force Sitaram Yechury to resign as JNUSU president during emergency",1/13/20,Alt News,Yes
https://www.altnews.in/alt-news-probes-abvps-link-with-jnu-student-exposed-in-india-today-sting/,Alt News probes ABVP’s link with JNU student exposed in India Today sting,1/11/20,Alt News,Yes
https://www.altnews.in/video-from-2018-shared-as-88-bjp-mlas-request-rajnath-singh-to-roll-back-caa-nrc/,"Video from 2018 shared as 88 BJP MPs request Rajnath Singh to roll-back CAA, NRC",1/11/20,Alt News,Yes
https://www.altnews.in/bjp-mla-himanta-biswa-posts-cropped-photo-of-anti-caa-rally-in-assam-to-portray-poor-turnout/,BJP MLA Himanta Biswa posts cropped photo of anti-CAA rally in Assam to portray poor turnout,1/11/20,Alt News,Yes
https://www.altnews.in/video-from-2008-viral-as-female-students-of-jnu-abusing-during-protests/,Video from 2008 viral as female students of JNU abusing during protests,1/11/20,Alt News,Yes
https://www.altnews.in/delhi-police-probe-or-abvp-investigation-dcp-releases-images-shared-earlier-by-abvp/,Delhi police probe or ABVP investigation? DCP releases images shared earlier by ABVP,1/11/20,Alt News,Yes
https://www.altnews.in/mirror-image-used-to-portray-jnusu-president-aishe-ghosh-faked-her-injuries/,Mirror image used to portray JNUSU president Aishe Ghosh faked her injuries,1/10/20,Alt News,Yes
https://www.altnews.in/investigating-the-masked-woman-photographed-during-jnu-violence/,Investigating the masked woman photographed during JNU violence,1/10/20,Alt News,Yes
https://www.altnews.in/old-video-viral-as-communists-in-kerala-attack-pro-caa-rally-by-bjp-rss/,Old video viral as “communists” in Kerala attack pro-CAA rally by BJP-RSS,1/9/20,Alt News,Yes
https://www.altnews.in/old-unrelated-video-shared-as-caa-support-rally-by-sadhu-agoras-in-haridwar/,"Old, unrelated video shared as CAA support rally by Sadhus, Agoras in Haridwar",1/9/20,Alt News,Yes
https://www.altnews.in/does-chhapaak-portray-acid-attack-convict-as-a-hindu-named-rajesh-no-false-claim/,"Does ‘Chhapaak’ portray acid attack convict as a Hindu named ‘Rajesh’? No, false claim",1/8/20,Alt News,No
https://www.altnews.in/old-video-from-rajasthan-falsely-shared-as-hindu-women-assaulted-by-muslims-in-pakistan/,Old video from Rajasthan falsely shared as Hindu women assaulted by Muslims in Pakistan,1/8/20,Alt News,No
https://www.altnews.in/video-game-footage-viral-as-us-forces-taking-down-iranian-major-general-qasem-soleimani/,Video game footage viral as US forces taking down Iranian Major General Qassem Soleimani,1/7/20,Alt News,No
https://www.altnews.in/morphed-photo-viral-as-abvp-assam-protesting-against-caa-nrc/,"Morphed photo viral as ABVP Assam protesting against CAA, NRC",1/7/20,Alt News,Yes
https://www.altnews.in/muslim-student-from-jnu-falsely-blamed-for-masterminding-violence-at-the-university/,Muslim student from JNU falsely blamed for ‘masterminding’ violence at the university,1/7/20,Alt News,Yes
https://www.altnews.in/jnu-violence-abvp-bjp-office-bearers-falsely-claim-sfi-activist-faked-injuries/,"JNU Violence: ABVP, BJP office-bearers falsely claim SFI activist ‘faked’ injuries",1/7/20,Alt News,Yes
https://www.altnews.in/old-unrelated-images-viral-as-sex-toys-condoms-found-inside-jnu-campus/,"Old, unrelated images viral as sex toys, condoms found inside JNU campus",1/7/20,Alt News,Yes
https://www.altnews.in/video-of-abvp-member-assaulting-aisa-student-shared-by-journalists-as-left-parties-attacking-abvp/,Video of ABVP member assaulting AISA student shared by journalists as Left parties attacking ABVP,1/7/20,Alt News,Yes
https://www.altnews.in/no-umar-khalid-did-not-raise-hinduo-se-azadi-slogan-at-gateway-of-india-mumbai/,"No, Umar Khalid did not raise “Hinduo se azadi” slogan at Gateway of India, Mumbai",1/6/20,Alt News,Yes
https://www.altnews.in/image-of-symbolic-one-eye-bandaged-protest-shared-as-caa-protesters-faking-injury/,Image of symbolic ‘one eye bandaged’ protest shared as CAA protesters faking injury,1/4/20,Alt News,Yes
https://www.altnews.in/no-photo-of-mother-breastfeeding-baby-through-a-fence-is-not-related-to-nrc/,"No, photo of mother breastfeeding baby through a fence is not related to NRC",1/4/20,Alt News,Yes
https://www.altnews.in/video-from-hyderabad-viral-as-police-arresting-people-in-assam-after-nrc/,Video from Hyderabad viral as police arresting people in Assam after NRC,1/4/20,Alt News,Yes
https://www.altnews.in/pak-pm-imran-khan-shared-old-unrelated-videos-as-pogrom-against-muslims-in-india/,"Pak PM Imran Khan shared old, unrelated videos as ‘pogrom’ against Muslims in India",1/3/20,Alt News,Yes
https://www.altnews.in/2013-video-from-bangladesh-riot-viral-as-assams-police-brutality-after-nrc/,2013 video from Bangladesh viral as police brutality after Assam NRC,1/3/20,Alt News,Yes
https://www.altnews.in/fictional-story-muslim-boy-elopes-with-hindu-jain-girl-muslims-terminated-from-jobs-girl-returned/,Fictional story on Muslim boy taking away ‘Hindu Jain’ girl in Andhra’s Nellore viral,1/2/20,Alt News,No
https://www.altnews.in/audio-superimposed-on-2015-image-falsely-suggests-modi-govt-jailed-muslim-women/,Audio superimposed on 2015 image falsely suggests Modi govt jailed Muslim women,1/2/20,Alt News,Yes
https://www.altnews.in/old-video-falsely-shared-as-posters-of-hindu-gods-burnt-during-caa-protests/,Old video falsely shared as posters of Hindu deities burnt during CAA protests,1/2/20,Alt News,Yes
https://www.altnews.in/pak-users-falsely-claim-canada-deports-indian-students-for-submitting-fake-ielts-results/,Pak users falsely claim Canada deports Indian students for submitting fake IELTS results,1/2/20,Alt News,No
https://www.altnews.in/old-video-of-sp-leader-mavia-ali-shared-as-that-of-congress-leader-naseemuddin-siddiqui/,Old video of SP leader Mavia Ali shared as that of Congress leader Naseemuddin Siddiqui,1/2/20,Alt News,Yes
https://www.altnews.in/old-unrelated-video-of-arms-hidden-inside-cans-of-ghee-falsely-linked-to-delhi-riots/,"Old, unrelated video of arms hidden inside cans of ghee falsely linked to Delhi riots",2/29/20,Alt News,Yes
https://www.altnews.in/no-this-isnt-justice-murlidhar-with-sonia-gandhi-while-she-files-nomination-papers/,"No, this isn’t Justice Murlidhar with Sonia Gandhi when she filed nomination papers",2/29/20,Alt News,No
https://www.altnews.in/photo-of-rescue-op-viral-as-cops-helping-mob-carry-petrol-bombs-to-aaps-tahir-hussains-residence/,Photo of rescue op viral as cops helping mob carry petrol bombs to AAP’s Tahir Hussain’s residence,2/29/20,Alt News,Yes
https://www.altnews.in/unrelated-video-of-mob-violence-in-mp-viral-as-delhi-riots/,Unrelated video of mob violence in MP viral as Delhi riots,2/29/20,Alt News,Yes
https://www.altnews.in/verification-aap-councillor-tahir-hussains-video-appealing-for-police-help/,Verification: AAP councillor Tahir Hussain’s video appealing for police help,2/28/20,Alt News,Yes
https://www.altnews.in/old-unrelated-images-shared-as-hindu-women-attacked-during-delhi-riots/,"Old, unrelated images shared as Hindu women attacked during Delhi riots",2/28/20,Alt News,Yes
https://www.altnews.in/old-photograph-of-up-police-personnel-throwing-a-stone-shared-as-delhi-police/,Old photograph of UP police personnel throwing a stone shared as Delhi police,2/28/20,Alt News,Yes
https://www.altnews.in/mock-drill-video-of-chinese-swat-team-tackling-coronavirus-victim-viral-as-real/,Mock drill video of Chinese SWAT team tackling coronavirus victim viral as real,2/28/20,Alt News,No
https://www.altnews.in/photos-of-2018-incident-of-girl-beheaded-in-mp-revived-with-false-communal-angle/,Photos of 2018 incident of girl beheaded in MP revived with false communal angle,2/27/20,Alt News,No
https://www.altnews.in/old-video-shared-as-delhi-police-releasing-chemical-gas-inside-muslim-homes-in-jafrabad/,Old video shared as Delhi police releasing ‘chemical’ gas inside Muslim homes in Jafrabad,2/27/20,Alt News,Yes
https://www.altnews.in/video-of-anti-caa-protesters-pelting-stones-against-ahmedabad-police-goes-viral-in-the-name-of-delhi-riots/,Old video of mob pelting stones at police in Ahmedabad shared as Delhi riots,2/27/20,Alt News,Yes
https://www.altnews.in/delhi-riots-jafrabad-shooters-name-is-not-anurag-mishra-unrelated-mans-images-circulated/,"Delhi riots: Jafrabad shooter’s name is not Anurag Mishra, unrelated man’s images circulated",2/26/20,Alt News,Yes
https://www.altnews.in/old-video-viral-as-anti-caa-protesters-block-inderlok-metro-station-area-in-delhi/,Old video viral as anti-CAA protesters block Inderlok metro station area in Delhi,2/26/20,Alt News,Yes
https://www.altnews.in/fake-message-about-dcp-amit-sharmas-death-during-delhi-riots-goes-viral/,Fake message about DCP Amit Sharma’s death during Delhi riots goes viral,2/26/20,Alt News,Yes
https://www.altnews.in/verification-video-of-mosque-vandalised-set-on-fire-is-from-ashok-nagar-in-delhi/,"Verification: Video of mosque vandalised, set on fire is from Ashok Nagar in Delhi",2/26/20,Alt News,Yes
https://www.altnews.in/video-verification-delhi-cops-beating-injured-men-forcing-them-to-sing-national-anthem/,"Video verification: Delhi cops beating injured men, forcing them to sing national anthem",2/25/20,Alt News,Yes
https://www.altnews.in/video-of-bus-driver-beaten-up-in-maharashtra-shared-with-communal-angle-amid-delhi-riots/,Video of bus driver beaten up in Maharashtra shared with communal angle amid Delhi riots,2/25/20,Alt News,Yes
https://www.altnews.in/delhi-violence-man-seen-with-bjps-kapil-mishra-is-not-the-jafrabad-shooter/,Delhi violence: Man seen with BJP’s Kapil Mishra is not the Jafrabad shooter,2/25/20,Alt News,Yes
https://www.altnews.in/old-video-of-police-excess-in-pakistan-falsely-shared-as-atrocities-on-hindu-women/,Old video of police excess in Pakistan falsely shared as atrocities on Hindu women,2/25/20,Alt News,Yes
https://www.altnews.in/delhi-violence-jafrabad-shooter-falsely-identified-as-part-of-pro-caa-mob/,Delhi violence: Jafrabad shooter falsely identified as part of pro-CAA mob,2/25/20,Alt News,Yes
https://www.altnews.in/mohan-bhagwat-did-not-say-nationalism-means-hitler-fascism-media-misreports/,"Mohan Bhagwat did not say nationalism means Hitler, fascism – Media misreports",2/24/20,Alt News,No
https://www.altnews.in/coronavirus-image-showing-sulphur-dioxide-forecasts-falsely-linked-with-mass-cremation-in-wuhan/,Coronavirus: Image showing sulphur dioxide forecasts falsely linked with mass cremation in Wuhan,2/24/20,Alt News,No
https://www.altnews.in/no-ratan-tata-has-not-announcement-that-jnu-students-will-not-be-recruited-by-tata-group/,"No, Ratan Tata has not announced that JNU students will not be recruited by Tata Group",2/24/20,Alt News,No
https://www.altnews.in/fictitious-list-of-names-viral-as-accused-in-naval-spy-racket/,Fictitious list of names viral as accused in naval spy racket,2/23/20,Alt News,No
https://www.altnews.in/how-indian-media-fooled-the-nation-about-a-massive-discovery-of-gold-reserves/,How Indian media fooled the nation about a massive discovery of gold reserves,2/23/20,Alt News,No
https://www.altnews.in/no-a-yogi-wasnt-found-alive-in-meditative-state-300-years-after-his-burial/,"No, a ‘yogi’ wasn’t found alive in meditative state 300 years after his burial",2/21/20,Alt News,No
https://www.altnews.in/indian-politicians-on-a-spree-of-denying-on-record-statements-alt-news-compilation/,Indian politicians on a spree of denying on-record statements: Alt News compilation,2/21/20,Alt News,No
https://www.altnews.in/a-video-is-viral-with-false-claim-that-non-muslims-are-offering-namaz-for-protection-against-coronavirus/,Video viral as non-Muslims offering namaz after coronavirus outbreak in China is baseless,2/21/20,Alt News,No
https://www.altnews.in/truth-behind-photo-of-man-carrying-wife-during-1971-bangladesh-liberation-war/,Truth behind photo of man carrying wife during 1971 Bangladesh liberation war,2/20/20,Alt News,No
https://www.altnews.in/old-unrelated-image-viral-as-condoms-found-in-shaheen-bagh/,"Old, unrelated image viral as condoms found in Shaheen Bagh",2/20/20,Alt News,Yes
https://www.altnews.in/photo-of-wall-painted-ahead-of-trumps-gujarat-visit-morphed-and-shared-online/,Photo of wall painted ahead of Trump’s Ahmedabad visit morphed and shared online,2/20/20,Alt News,No
https://www.altnews.in/jamia-violence-student-from-video-of-police-lathi-charge-not-the-man-seen-in-arson-video/,Jamia violence: Student from video of police lathi-charge not the man seen in arson video,2/19/20,Alt News,Yes
https://www.altnews.in/image-from-2017-viral-as-aamir-khan-recently-met-turkish-president-erdogan/,Image from 2017 viral as Aamir Khan recently met Turkish President Erdogan,2/19/20,Alt News,No
https://www.altnews.in/india-today-and-its-botched-up-exclusive-on-jamia-police-violence-alt-news-investigation/,India Today and its botched up ‘exclusive’ on Jamia police violence – Alt News investigation,2/18/20,Alt News,Yes
https://www.altnews.in/jamia-violence-media-misreport-wallet-as-stone-in-students-hand/,Jamia violence: Media misreport wallet as ‘stone’ in student’s hand,2/18/20,Alt News,Yes
https://www.altnews.in/jamia-violence-student-beaten-in-police-lathicharge-is-not-the-one-torching-bike/,Jamia violence: Student beaten in police lathicharge is not the one who torched bike,2/17/20,Alt News,Yes
https://www.altnews.in/jamia-violence-student-in-the-cctv-footage-is-not-the-one-injured-in-jamia-shooting/,Jamia violence: Student in the CCTV footage is not the one injured in Jamia shooting,2/17/20,Alt News,Yes
https://www.altnews.in/false-claim-of-40-new-mlas-of-aap-facing-rape-charges/,False claim suggests 40 out of 62 AAP MLAs are accused of rape,2/15/20,Alt News,No
https://www.altnews.in/is-classification-as-developed-nation-by-us-good-news-for-india-a-fact-check/,Is classification as ‘developed nation’ by US good news for India? – A fact-check,2/15/20,Alt News,No
https://www.altnews.in/muslim-family-beats-hindu-man-to-death-train-altercation-given-false-communal-angle/,Muslim family beats Hindu man to death in a train? Incident given false communal angle,2/15/20,Alt News,No
https://www.altnews.in/amit-shah-makes-false-claim-that-no-bjp-leader-said-protestors-in-shaheen-bagh-will-rape-women/,Amit Shah makes false claim that no BJP leader said protestors in Shaheen Bagh will rape women,2/14/20,Alt News,Yes
https://www.altnews.in/how-twitterati-followed-by-pm-modi-spread-misinformation-about-deepika-padukones-chhapaak/,How Twitterati followed by PM Modi spread misinformation about Deepika Padukone’s ‘Chhapaak’,2/14/20,Alt News,No
https://www.altnews.in/car-bomb-explosion-in-iraq-revived-as-cctv-footage-of-pulwama-terror-attack/,Car bomb explosion in Iraq revived as CCTV footage of Pulwama terror attack,2/14/20,Alt News,No
https://www.altnews.in/chinese-police-shooting-down-coronavirus-patients-manufactured-clip-viral/,Chinese police ‘shooting down’ coronavirus patients? Manufactured clip viral,2/14/20,Alt News,No
https://www.altnews.in/video-of-hawker-carts-demolished-in-odisha-now-shared-as-ahmedabad/,Video of hawker carts demolished in Odisha now shared as Ahmedabad,2/14/20,Alt News,No
https://www.altnews.in/video-from-us-viral-as-jain-community-in-surat-hired-helicopter-to-rescue-bird/,Old video from US viral as Jain community in Surat hire helicopter to rescue bird,2/13/20,Alt News,No
https://www.altnews.in/fake-tweet-portrays-aap-mla-amanatullah-khan-saying-islam-will-win-across-india/,Fake tweet portrays AAP MLA Amanatullah Khan saying ‘Islam will win across India’,2/13/20,Alt News,No
https://www.altnews.in/did-bjp-lose-36-seats-by-a-margin-of-less-than-2000-votes-in-delhi-assembly-elections/,Did BJP lose 36 seats by a margin of less than 2000 votes in Delhi assembly elections?,2/12/20,Alt News,No
https://www.altnews.in/rahul-gandhi-blames-pm-modi-for-unemployment-of-eagles-edited-video-viral/,Rahul Gandhi blames PM Modi for ‘unemployment of eagles’? Edited video viral,2/12/20,Alt News,No
https://www.altnews.in/fake-letter-being-circulated-in-the-name-of-manoj-tiwari-saying-that-he-asked-amit-shah-and-narendra-modi-not-to-come-to-delhi-for-election-campaign/,Did Manoj Tiwari ask Modi-Shah to not campaign in Delhi ahead of polls? Fake letter viral,2/12/20,Alt News,No
https://www.altnews.in/misleading-reports-claim-shaheen-bagh-empty-post-aap-win-in-delhi-election/,Misleading reports claim Shaheen Bagh empty post AAP win in Delhi election,2/11/20,Alt News,Yes
https://www.altnews.in/a-video-from-florida-is-shared-as-china-where-birds-effected-by-coronavirus/,"Coronavirus: No, this video of bats removed from a rooftop is not from China",2/11/20,Alt News,No
https://www.altnews.in/old-video-from-rajasthan-shared-as-muslims-chanting-slogans-of-islamic-supremacy-amid-delhi-polls/,Old video from Rajasthan shared as Muslims chanting slogans of Islamic supremacy amid Delhi polls,2/10/20,Alt News,No
https://www.altnews.in/no-this-video-doesnt-show-people-infected-with-coronavirus-china-screaming-for-help/,"No, this video doesn’t show people infected with Coronavirus in China screaming for help",2/10/20,Alt News,No
https://www.altnews.in/old-unrelated-photos-viral-as-zee-news-office-attacked-for-insulting-delhi-voters/,"Old, unrelated photos viral as Zee News office attacked for insulting Delhi voters",2/10/20,Alt News,No
https://www.altnews.in/amit-malviya-how-ringmaster-of-bjps-propaganda-machinery-weaponises-misinformation/,Amit Malviya: How the ringmaster of BJP’s propaganda machinery weaponises misinformation,2/10/20,Alt News,No
https://www.altnews.in/coronavirus-in-broiler-chicken-h5n1-bird-flu-outbreak-in-china-falsely-linked-with-cov/,Coronavirus in broiler chicken? H5N1 bird flu outbreak in China falsely linked with CoV,2/10/20,Alt News,No
https://www.altnews.in/video-that-shows-eviction-process-in-odisha-shared-as-up-with-false-claim/,Video of hawker carts demolished in Odisha shared as UP,2/8/20,Alt News,No
https://www.altnews.in/cannabis-kills-coronavirus-vivek-agnihotri-shares-scientific-misinformation-via-meme/,Cannabis kills coronavirus? Vivek Agnihotri shares scientific misinformation via meme,2/8/20,Alt News,No
https://www.altnews.in/manjinder-sirsa-shares-report-on-pakistans-punjab-to-target-capt-amarinder-singh/,Manjinder Sirsa shares report on Pakistan’s Punjab to target Capt Amarinder Singh,2/8/20,Alt News,No
https://www.altnews.in/no-china-did-not-seek-courts-approval-to-kill-over-20000-coronavirus-patients/,"No, China did not seek court’s approval to kill over 20,000 coronavirus patients",2/7/20,Alt News,No
https://www.altnews.in/pm-modi-quotes-faking-news-in-parliament-to-target-former-jk-cm-omar-abdullah/,PM Modi quotes ‘Faking News’ in Parliament to target former J&K CM Omar Abdullah,2/6/20,Alt News,No
https://www.altnews.in/media-analysis-anis-skewed-coverage-of-caa-protests-abroad/,Media analysis: ANI’s skewed coverage of CAA protests abroad,2/6/20,Alt News,Yes
https://www.altnews.in/people-lying-on-the-road-as-part-of-an-art-project-in-germany-falsely-linked-to-coronavirus/,People lying on the road as part of an art project in Germany falsely linked to Coronavirus,2/6/20,Alt News,No
https://www.altnews.in/zariya-not-shariah-sambit-patra-twitted-amanatullah-khan-video-with-false-claim/,BJP’s Sambit Patra falsely claims AAP leader Amanatullah Khan wants to create ‘Sharia’,2/6/20,Alt News,No
https://www.altnews.in/son-locked-old-mother-in-house-and-went-to-shaheen-bag-baseless-claim/,Did UP couple lock elderly mother at home to join anti-CAA protest at Shaheen Bagh? Fact-check,2/5/20,Alt News,Yes
https://www.altnews.in/magic-blankets-video-revived-now-targeting-bjp/,"‘Magic blankets’ video revived, now targeting BJP ahead of Delhi elections",2/5/20,Alt News,No
https://www.altnews.in/ayush-ministrys-claim-that-unani-practices-can-prevent-coronavirus-infection-is-false/,AYUSH ministry’s claim that Unani practices can prevent coronavirus infection is false,2/5/20,Alt News,No
https://www.altnews.in/old-video-of-chinese-pres-xi-jinping-visiting-mosque-shared-as-recent-during-coronavirus-outbreak/,Old video of Chinese pres Xi Jinping visiting mosque shared as recent amid coronavirus outbreak,2/5/20,Alt News,No
https://www.altnews.in/old-videos-shot-during-african-swine-fever-outbreak-viral-amid-cornonavirus-pandemic/,Old videos shot during African Swine Fever outbreak viral amid Cornonavirus pandemic,2/5/20,Alt News,No
https://www.altnews.in/fictional-bjp-mla-anil-upadhyaya-revived-with-false-claim-that-he-was-thrashed-by-women/,"Fictional BJP MLA ‘Anil Upadhyay’ revived, now with false claim that he was thrashed by women",2/4/20,Alt News,No
https://www.altnews.in/did-modi-govt-claim-that-it-has-no-plans-to-implement-nationwide-nrc-media-misreports/,Did Modi govt claim it has no plans to implement nationwide NRC? Media misreports,2/4/20,Alt News,Yes
https://www.altnews.in/old-video-of-pregnant-woman-injured-in-up-police-lathicharge-viral-amid-caa-protest/,Old video of pregnant woman injured in UP police lathicharge viral amid CAA protest,2/4/20,Alt News,Yes
https://www.altnews.in/truth-about-sting-claiming-shaheen-bagh-women-were-paid-rs-500-alt-news-newslaundry-joint-investigation/,Truth about “sting” claiming Shaheen Bagh women were paid Rs 500: Alt News-Newslaundry joint investigation,2/4/20,Alt News,Yes
https://www.altnews.in/video-of-indonesian-meat-market-viral-as-epicenter-of-coronavirus-outbreak-in-wuhan-china/,"Video of Indonesian meat market viral as epicentre of coronavirus outbreak in Wuhan, China",2/4/20,Alt News,No
https://www.altnews.in/did-shaheen-bagh-protester-burn-indian-flag-no-old-image-from-pakistan/,Old image from Pakistan shared as Shaheen Bagh protesters burning Indian flag,2/4/20,Alt News,Yes
https://www.altnews.in/abvp-claims-jnu-student-kamlesh-mandriya-was-attacked-by-left-mandriya-refutes-and-blames-abvp/,"ABVP claims JNU student Kamlesh Mandriya was attacked by Left, Mandriya refutes and blames ABVP",2/4/20,Alt News,Yes
https://www.altnews.in/aap-gives-magic-blankets-to-different-abled-video-viral-with-false-claim/,AAP gives ‘magic’ blankets to different-abled? Video viral with false claim,2/4/20,Alt News,No
https://www.altnews.in/video-of-suicide-attempt-in-tamil-nadu-viral-as-lic-employee-taking-his-own-life-in-gujarat/,Video of suicide attempt in Tamil Nadu viral as LIC employee taking his own life in Gujarat,2/4/20,Alt News,No
https://www.altnews.in/incorrect-voter-information-of-jamia-shooter-circulated-to-suggest-hes-not-minor/,Incorrect voter information of Jamia shooter circulated to suggest he’s not a minor,2/3/20,Alt News,Yes
https://www.altnews.in/old-video-of-ex-malaysian-pm-viral-as-chinese-pm-praying-in-a-mosque-amid-coronavirus-outbreak/,Old video of ex-Malaysian PM viral as Chinese PM praying in a mosque amid Coronavirus outbreak,2/3/20,Alt News,No
https://www.altnews.in/old-provocative-speech-by-muslim-cleric-shared-amid-anti-caa-protests/,Old provocative speech by Muslim cleric shared amid anti-CAA protests,2/3/20,Alt News,Yes
https://www.altnews.in/images-video-abnormal-newborn-child-started-speaking-after-birth-false-claim/,"Photos, video of baby who died due to birth defect viral as newborn talking after birth",3/31/20,Alt News,No
https://www.altnews.in/old-video-from-peru-falsely-shared-as-mass-prayers-offered-in-italy-in-light-of-coronavirus-pandemic/,Old video from Peru falsely shared as mass prayers offered in Italy in light of coronavirus pandemic,3/31/20,Alt News,No
https://www.altnews.in/old-photos-of-spain-shared-as-italian-man-committing-suicide-after-family-death-due-to-coronavirus/,Old image from Spain shared as Italian boy commits suicide after family dies due to coronavirus,3/31/20,Alt News,No
https://www.altnews.in/old-images-from-rawalpindi-pakistan-shared-as-crowd-during-lockdown-in-kolkata-west-bengal/,Coronavirus: Old images from Kolkata and Pakistan falsely shared as curfew violation in West Bengal,3/31/20,Alt News,No
https://www.altnews.in/old-video-of-thief-beaten-in-mexico-shared-as-police-atrocity-during-the-lockdown-in-spain/,Coronavirus: Old video from Mexico shared as Spanish police action on curfew violators,3/31/20,Alt News,No
https://www.altnews.in/photo-of-up-police-punishing-lockdown-violators-shared-as-mistreatment-of-migrant-workers/,Photo of UP police punishing lockdown violators shared as mistreatment of migrant workers,3/30/20,Alt News,No
https://www.altnews.in/video-of-2019-protest-in-azerbaijani-shared-as-spanish-police-excess-during-covid-19-lockdown/,Video of 2019 protest in Azerbaijan shared as Spanish police excess during COVID-19 lockdown,3/30/20,Alt News,No
https://www.altnews.in/old-unrelated-video-shared-as-muslims-licking-utensils-to-spread-coronavirus-infection/,"Old, unrelated video shared as Muslims licking utensils to spread coronavirus infection",3/30/20,Alt News,No
https://www.altnews.in/coronavirus-old-prank-video-shared-as-man-scaring-off-people-in-goa-during-lockdown/,Coronavirus: Old prank video shared as man scaring off people in Goa during lockdown,3/30/20,Alt News,No
https://www.altnews.in/old-video-from-myanmar-falsely-shared-as-chinese-monks-sprinkling-cow-urine-amid-covid-19-pandemic/,Old video from Myanmar falsely shared as Chinese monks sprinkling cow urine amid COVID-19 pandemic,3/29/20,Alt News,No
https://www.altnews.in/old-unrelated-video-of-a-woman-committing-suicide-shared-as-a-person-committed-suicide-in-newyork-after-getting-infected-with-coronavirus/,Video from 2015 shared as woman commits suicide in US due to coronavirus infection,3/29/20,Alt News,No
https://www.altnews.in/no-this-woman-is-not-a-radio-host-broadcasting-sanskrit-verses-in-spain-every-morning/,"No, this woman is not a radio host broadcasting Sanskrit verses in Spain every morning",3/28/20,Alt News,No
https://www.altnews.in/were-50-foreigners-from-itlay-iran-and-china-hiding-in-mosque-due-to-corona-virus-detained-in-bihar-kurji/,"No, foreign nationals from Italy, Iran weren’t hiding in Patna mosque to avoid coronavirus testing",3/28/20,Alt News,No
https://www.altnews.in/old-video-of-interfaith-service-viral-as-donald-trump-offers-islamic-prayers-amid-coronavirus-pandemic/,Old video of interfaith service viral as Donald Trump offers Islamic prayers amid coronavirus pandemic,3/28/20,Alt News,No
https://www.altnews.in/no-korean-drama-my-secret-terrius-did-not-predict-covid-19/,"No, Korean drama ‘My Secret, Terrius’ did not ‘predict’ COVID-19",3/28/20,Alt News,No
https://www.altnews.in/morphed-news-graphics-falsely-claim-amit-shah-contracted-coronavirus/,Morphed news graphics falsely claim Amit Shah contracted coronavirus,3/28/20,Alt News,No
https://www.altnews.in/old-video-of-dead-bodies-in-mecca-during-hajj-shared-as-coronavirus-victims/,Old video of dead bodies in Mecca during Hajj shared as coronavirus victims,3/28/20,Alt News,No
https://www.altnews.in/news-from-2019-viral-as-azim-premji-donates-rs-50000-crore-during-coronavirus-pandemic/,"News from 2019 viral as Azim Premji donates Rs 50,000 crore during coronavirus pandemic",3/27/20,Alt News,No
https://www.altnews.in/no-deers-did-not-turn-on-ooty-coimbatore-road-as-covid-19-lockdown-restricts-human-activity/,"No, deers did not turn up on Ooty-Coimbatore road as COVID-19 lockdown restricts human activity",3/27/20,Alt News,No
https://www.altnews.in/no-indian-army-has-not-built-1000-bed-quarantine-facility-for-coronavirus-patients/,"No, Indian army has not built 1000-bed quarantine facility for coronavirus patients",3/27/20,Alt News,No
https://www.altnews.in/fake-audio-clip-claims-59-people-test-positive-for-coronavirus-in-nagpur/,Viral audio falsely claims 59 positive coronavirus cases in Nagpur,3/27/20,Alt News,No
https://www.altnews.in/images-of-earthquake-aftermath-in-croatia-shared-as-coronavirus-patients-in-italy/,Images of aftermath of earthquake in Croatia shared as coronavirus patients in Italy,3/26/20,Alt News,No
https://www.altnews.in/an-image-from-malaysia-has-been-shared-as-indonesian-doctor-who-died-while-treating-coronavirus-patients/,COVID-19: Photo from Malaysia shared as Indonesian doctor who died treating patients,3/26/20,Alt News,No
https://www.altnews.in/vidoe-of-a-corona-virus-patient-named-mubashir-viral-as-that-of-deceased-26-year-old-doctor-riaz/,COVID-19: Video of Pak patient in UK shared as Pak doctor who died after treating patients,3/26/20,Alt News,No
https://www.altnews.in/scene-from-2007-sci-fi-miniseries-viral-as-mass-graves-of-coronavirus-victims-in-italy/,Scene from 2007 sci-fi miniseries viral as mass graves of coronavirus victims in Italy,3/26/20,Alt News,No
https://www.altnews.in/covid-19-viral-video-of-patient-gasping-for-breath-is-not-from-india/,COVID-19: Viral video of patient gasping for breath is NOT from India,3/26/20,Alt News,No
https://www.altnews.in/no-dr-ramesh-guptas-zoology-book-does-not-mention-a-cure-for-novel-coronavirus/,"No, Dr Ramesh Gupta’s zoology book DOES NOT mention a cure for novel coronavirus",3/25/20,Alt News,No
https://www.altnews.in/photo-from-1985-where-mother-in-protective-gear-holds-her-baby-given-coronavirus-spin/,Photo from 1985 where mother in protective gear holds her baby given coronavirus spin,3/25/20,Alt News,No
https://www.altnews.in/covid-19-video-of-belgian-man-rubbing-saliva-ridden-hand-on-metro-train-handrail-viral-in-india/,COVID-19: Video of Belgian man rubbing saliva-ridden hand on metro train handrail viral in India,3/25/20,Alt News,No
https://www.altnews.in/unrelated-incident-from-brazil-viral-as-italian-police-arresting-man-during-covid-19-lockdown/,Unrelated incident from Brazil viral as Italian police arresting man during COVID-19 lockdown,3/25/20,Alt News,No
https://www.altnews.in/image-of-couple-at-barcelona-airport-shared-as-italian-doctors-infected-with-coronavirus/,Image of couple at Barcelona airport shared as Italian doctors infected with coronavirus,3/24/20,Alt News,No
https://www.altnews.in/old-unrelated-images-shared-as-mass-deaths-due-to-coronavirus/,"Old, unrelated images shared as mass deaths due to coronavirus",3/24/20,Alt News,No
https://www.altnews.in/digitally-created-horror-video-shared-as-attack-on-italian-church-by-islamic-forces/,Digitally created horror video shared as attack on Italian church by Islamic forces,3/23/20,Alt News,No
https://www.altnews.in/old-image-of-brazilian-president-shared-as-italian-pm-breaks-down-due-covid-19-pandemic/,Old image of Brazilian President shared as Italian PM breaks down due COVID-19 pandemic,3/23/20,Alt News,No
https://www.altnews.in/image-of-covid-19-test-kit-shared-as-newly-developed-coronavirus-vaccine-by-roche/,Image of COVID-19 test kit shared as newly developed ‘coronavirus vaccine’ by Roche,3/23/20,Alt News,No
https://www.altnews.in/video-from-2011-viral-as-chinese-muslims-offer-namaz-on-road-amid-coronavirus-pandemic/,"Coronavirus: Old video from China viral as people embracing Islam, reading namaz in public",3/23/20,Alt News,No
https://www.altnews.in/no-putin-has-not-left-800-lions-on-russian-streets-to-ensure-lockdown-during-covid-19-pandemic/,"No, Putin has not left 800 lions on Russian streets to ensure lockdown during COVID-19 pandemic",3/23/20,Alt News,No
https://www.altnews.in/coronavirus-video-of-indonesian-meat-market-shared-as-chinas-wuhan/,Coronavirus: Video from Indonesia shared as wet food market in China’s Wuhan,3/22/20,Alt News,No
https://www.altnews.in/fake-notice-attributed-to-delhi-police-claims-rs-11000-fine-for-breaking-junta-curfew-on-march-22/,"Fake notice attributed to Delhi police claims Rs 11,000 fine for breaking ‘Junta curfew’ on March 22",3/21/20,Alt News,No
https://www.altnews.in/old-video-of-counter-terrorism-mock-drill-at-singapore-airport-viral-with-coronavirus-spin/,Old video of counter-terrorism mock drill at Singapore airport viral with coronavirus spin,3/21/20,Alt News,No
https://www.altnews.in/fact-check-ramdev-coronavirus-cow-urine/,Old image shared as Ramdev overdosed on cow urine to avoid coronavirus infection,3/21/20,Alt News,No
https://www.altnews.in/coronavirus-malaysian-govts-restricted-movement-order-shared-as-notice-by-pmo-india/,Coronavirus: Malaysian govt’s ‘Restricted Movement Order’ shared as notice by PMO India,3/21/20,Alt News,No
https://www.altnews.in/video-of-covid-19-patient-from-london-shared-as-surat-woman-who-recently-tested-postive/,Video of COVID-19 patient from London shared as Surat woman who recently tested postive,3/21/20,Alt News,No
https://www.altnews.in/hostage-rescue-drill-video-at-senegal-airport-viral-with-coronavirus-spin/,Hostage rescue drill video at Senegal airport viral with coronavirus spin,3/21/20,Alt News,No
https://www.altnews.in/social-distancing-is-imperative-but-14-hour-janta-curfew-will-not-break-the-cycle-of-infection/,Social distancing is imperative but 14-hour ‘Janta curfew’ will not break the cycle of infection,3/21/20,Alt News,No
https://www.altnews.in/sci-check-lifespan-of-coronavirus-outside-the-human-body-on-different-surfaces/,Sci-check: Lifespan of coronavirus outside the human body on different surfaces,3/20/20,Alt News,No
https://www.altnews.in/viral-audio-falsely-claims-who-has-recommended-india-lockdown-from-april-15-to-june-15/,Viral audio falsely claims WHO has recommended India lockdown from April 15 to June 15,3/20/20,Alt News,No
https://www.altnews.in/mysterious-apocalyptic-planet-spotted-in-the-sky-no-old-hoax-video-viral/,"Mysterious apocalyptic planet spotted in the sky? No, old hoax video viral",3/20/20,Alt News,No
https://www.altnews.in/no-medicine-will-be-sprayed-in-the-air-to-kill-coronavirus-fake-message-viral/,No medicine will be sprayed in the air to kill coronavirus; fake message viral,3/20/20,Alt News,No
https://www.altnews.in/no-amul-will-not-shut-its-milk-chilling-centres-from-march-21-due-to-coronavirus/,"No, Amul will not shut its milk chilling centres from March 21 due to coronavirus",3/19/20,Alt News,No
https://www.altnews.in/no-saddam-hussein-did-not-say-us-had-threatened-iraq-with-coronavirus-in-1990/,"No, Saddam Hussein did not say US had threatened Iraq with coronavirus in 1990",3/19/20,Alt News,No
https://www.altnews.in/video-of-coronavirus-mock-drill-in-punjab-goes-viral-with-false-claim/,Coronavirus: Mock drill video by Punjab police viral as real,3/19/20,Alt News,No
https://www.altnews.in/fake-audio-clip-attributed-to-dr-devi-shetty-advises-against-getting-tested-for-coronavirus/,Fake audio clip attributed to Dr Devi Shetty advises against getting tested for coronavirus,3/19/20,Alt News,No
https://www.altnews.in/old-video-falsely-viral-as-goats-infected-with-coronavirus-in-ajmers-bakra-market/,Old video falsely viral as goats infected with coronavirus in Ajmer’s bakra market,3/19/20,Alt News,No
https://www.altnews.in/media-misreports-amitabh-bachchan-did-not-share-image-of-his-hand-with-home-quarantine-stamp/,Media misreports: Amitabh Bachchan did not share image of his hand with ‘home-quarantine’ stamp,3/18/20,Alt News,No
https://www.altnews.in/no-vitamin-c-and-lemon-infused-hot-water-do-not-protect-against-coronavirus-or-cancer/,"No, Vitamin C and lemon-infused hot water do not protect against coronavirus or cancer",3/18/20,Alt News,No
https://www.altnews.in/video-of-hindu-monk-beaten-for-misbehaving-with-child-shared-with-false-communal-narrative/,Video of Hindu monk beaten for misbehaving with child shared with false communal narrative,3/18/20,Alt News,No
https://www.altnews.in/no-trump-has-not-announced-launch-of-coronavirus-vaccine-by-swiss-drugmaker-roche/,"No, Trump has not announced launch of coronavirus vaccine by Swiss drugmaker Roche",3/17/20,Alt News,No
https://www.altnews.in/no-bank-accounts-will-not-blocked-due-to-failure-of-submitting-npr-documents/,"No, bank accounts will not be blocked due to failure of submitting NPR documents",3/17/20,Alt News,No
https://www.altnews.in/places-most-affected-by-coronavirus-not-situated-on-latitude-40-misleading-image-viral/,"Places most affected by coronavirus not situated on latitude 40°, misleading image viral",3/17/20,Alt News,No
https://www.altnews.in/public-tv-opindia-my-nation-run-fake-news-that-four-muslims-refuse-coronavirus-testing-in-karnataka/,Public TV falsely claims Muslim youths in Karnataka refuse coronavirus testing for “religious reasons”,3/16/20,Alt News,No
https://www.altnews.in/fake-messages-claiming-himalaya-founder-funds-terrorists-viral-on-social-media/,Fake messages claiming Himalaya founder funds terrorists viral on social media,3/16/20,Alt News,No
https://www.altnews.in/old-video-from-hong-kong-shared-as-china-police-crackdown-on-suspected-coronavirus-patients/,Police action during Hong Kong protest shared as crackdown on coronavirus patients in China,3/16/20,Alt News,No
https://www.altnews.in/no-beef-flavoured-maggi-is-not-being-sold-in-india/,"No, beef flavoured maggi is not being sold in India",3/16/20,Alt News,No
https://www.altnews.in/thorough-hand-washing-with-an-ordinary-soap-is-effective-in-killing-coronavirus-covid-19/,Thorough hand-washing with an ordinary soap is effective in killing coronavirus (COVID-19),3/14/20,Alt News,No
https://www.altnews.in/no-dean-koontzs-1981-novel-did-not-predict-coronavirus-emerging-from-china/,"No, Dean Koontz’s 1981 novel did not ‘predict’ coronavirus emerging from China",3/14/20,Alt News,No
https://www.altnews.in/sci-check-do-masks-help-to-prevent-the-spread-of-coronavirus/,Sci-check: Do masks help to prevent the spread of coronavirus?,3/14/20,Alt News,No
https://www.altnews.in/moh-states-viral-pdf-that-offers-clarification-regarding-the-declaration-of-holidays-is-false/,Coronavirus: Ministry of Health debunks fake notice viral as clarification on state holidays,3/14/20,Alt News,No
https://www.altnews.in/first-muslim-woman-sp-in-maharashtra-no-image-of-womens-day-celebration-viral/,"First Muslim woman SP in Maharashtra? No, image of Women’s Day celebration viral",3/13/20,Alt News,No
https://www.altnews.in/yes-bank-crisis-false-message-names-congress-linked-companies-as-top-willful-defaulters/,Yes Bank crisis: False message claims Congress-linked companies are top willful defaulters,3/13/20,Alt News,No
https://www.altnews.in/sci-check-coronavirus-advisory-falsely-attributed-to-unicef-viral-on-social-media/,Sci-check: Coronavirus advisory falsely attributed to UNICEF viral on social media,3/13/20,Alt News,No
https://www.altnews.in/old-video-of-a-fruit-seller-in-pakistan-spray-painting-grapes-viral-as-mumbai-india/,Old video from Pakistan shared as fruit-seller in Lonavla spraying red paint on litchi,3/13/20,Alt News,No
https://www.altnews.in/delhi-riots-times-now-misreports-man-firing-at-muslim-mob-as-attack-on-police/,Delhi riots: Times Now misreports man firing at Muslim mob as attack on police,3/12/20,Alt News,Yes
https://www.altnews.in/old-pornographic-video-viral-as-shaheen-bagh/,Old pornographic video viral as Shaheen Bagh,3/12/20,Alt News,Yes
https://www.altnews.in/old-images-of-weapons-seized-in-punjab-gujarat-shared-as-delhi-riots/,"Old images of weapons seized in Punjab, Gujarat shared as Delhi riots",3/11/20,Alt News,Yes
https://www.altnews.in/old-video-from-saudi-arabia-viral-as-20-lakh-people-convert-to-islam-in-china/,Old video from Saudi Arabia viral as 20 lakh people convert to Islam in China,3/11/20,Alt News,No
https://www.altnews.in/old-image-from-jk-viral-as-police-brutality-in-delhi/,Old image from J&K viral as police brutality in Delhi,3/11/20,Alt News,Yes
https://www.altnews.in/sudarshan-news-broadcasts-fake-news-about-woman-murdered-in-tahir-hussains-house/,Sudarshan News broadcasts fake news about woman murdered in Tahir Hussain’s house,3/11/20,Alt News,Yes
https://www.altnews.in/no-china-didnt-grant-permission-to-read-quran-in-the-light-of-coronavirus-epidemic/,Chinese reading Quran after ban lifted in view of coronavirus? Old video viral,3/9/20,Alt News,No
https://www.altnews.in/up-police-dismisses-claims-of-muslim-population-throwing-pieces-of-meat-in-front-of-a-hindu-temple-in-hathras-district/,Meats pieces thrown by Muslims outside temple in UP’s Hathras? Police debunks false claim,3/9/20,Alt News,No
https://www.altnews.in/no-arvind-kejriwal-didnt-admit-of-having-family-ties-with-rss-clipped-video-viral/,"No, Arvind Kejriwal didn’t admit of having family ties with RSS; clipped video viral",3/9/20,Alt News,No
https://www.altnews.in/minor-girls-death-in-mp-falsely-linked-with-delhi-riots-and-tahir-hussain/,Minor girl’s death in MP falsely linked with Delhi riots and Tahir Hussain,3/9/20,Alt News,Yes
https://www.altnews.in/old-video-bjp-mp-sharad-tripathi-beat-mla-rakesh-singh-shoes-shared-aap-sanjay/,Old video of BJP members shared as AAP’s Sanjay Singh thrashed AAP MLA with shoes,3/9/20,Alt News,No
https://www.altnews.in/twitter-account-with-provocative-tweets-falsely-claims-to-be-al-jazeera-correspondent/,Twitter account with provocative tweets falsely claims to be Al Jazeera correspondent,3/7/20,Alt News,No
https://www.altnews.in/police-lathicharge-video-on-anti-caa-protestors-in-up-shared-as-delhi-police/,Old video of UP police lathicharge on anti-CAA protesters shared as Delhi police,3/6/20,Alt News,Yes
https://www.altnews.in/yet-another-clipped-video-viral-to-falsely-portray-harsh-mander-as-instigating-violence/,Yet another clipped video viral to falsely portray Harsh Mander as instigating violence,3/5/20,Alt News,Yes
https://www.altnews.in/coronavirus-screenshots-from-aaj-taks-fact-check-shared-with-misleading-claim/,"Aaj Tak’s fact-check that alcohol, weed don’t cure coronavirus infection viral with misleading claim",3/5/20,Alt News,No
https://www.altnews.in/old-video-of-cop-beating-woman-in-gwalior-shared-as-delhi-police-brutality/,Old video of cop beating woman in Gwalior shared as Delhi police brutality,3/5/20,Alt News,Yes
https://www.altnews.in/was-srinagars-shankaracharya-temple-lit-up-for-maha-shivratri-celebrations-after-decades/,Was Srinagar’s Shankaracharya Temple lit up for Maha Shivratri celebrations after decades?,3/5/20,Alt News,No
https://www.altnews.in/clipped-video-shared-to-claim-harsh-mander-instigated-violence-in-jamia-speech/,Clipped video shared to claim Harsh Mander instigated violence in Jamia speech,3/4/20,Alt News,Yes
https://www.altnews.in/aap-offers-monetary-relief-to-only-muslim-victims-of-delhi-riots-dainik-jagran-clipping-morphed/,AAP offers monetary relief to only Muslim victims of Delhi riots? Dainik Jagran clipping morphed,3/4/20,Alt News,Yes
https://www.altnews.in/old-images-from-syria-bangladesh-shared-as-delhi-riots/,"Old images from Syria, Bangladesh shared as Delhi riots",3/4/20,Alt News,Yes
https://www.altnews.in/video-of-woman-and-a-baby-infants-bodies-dug-up-shared-with-communal-angle/,Video of infant and woman’s dead bodies dug out from ground is unrelated to Delhi riots,3/4/20,Alt News,Yes
https://www.altnews.in/delhi-police-supporting-stone-pelters-congress-members-share-video-from-up/,"After Jahangirpuri violence, old video from UP shared to target UP police",3/3/20,Alt News,Yes
https://www.altnews.in/shaheen-bagh-women-getting-paid-no-this-is-a-video-of-relief-distribution-to-delhi-riot-victims/,"Shaheen Bagh women getting paid? No, this is a video of relief distribution to Delhi riot victims",3/2/20,Alt News,Yes
https://www.altnews.in/muslim-shop-sells-biryani-laced-with-abortion-pills-to-hindus-fictional-news-viral/,Muslim shops sell biryani laced with birth control pills to Hindus? Fictional story viral,3/2/20,Alt News,No
https://www.altnews.in/muslim-girl-raped-by-hindu-mob-in-delhi-pak-propaganda-website-runs-fake-news/,Muslim girl raped by Hindu mob in Delhi? Pak propaganda website runs fake news,3/2/20,Alt News,Yes
https://www.altnews.in/suresh-chawanke-shared-paris-gare-de-lyon-fire-video-to-target-muslim-community/,Suresh Chavhanke falsely claims Muslim community in Paris torched railway station,3/2/20,Alt News,No